INVITEES,COUNTRY,QUALIFICATION
"Ancer, Abraham",Mexico,18
"Bradley, Keegan",United States,"16,
18"
"Burns, Sam",United States,"16,
17,
18"
"Cantlay, Patrick",United States,"16,
17,
18"
"Champ, Cameron",United States,12
"Conners, Corey",Canada,"12,
17,
18"
"Couples, Fred",United States,1
"DeChambeau, Bryson",United States,2
"Finau, Tony",United States,"16,
17,
18"
"Fitzpatrick, Matt",England,"2,
17,
18"
"Fleetwood, Tommy",England,"14,
18"
"Fox, Ryan",New Zealand,18
"Garcia, Sergio",Spain,1
"Gooch, Talor",United States,"17,
18"
"Harman, Brian",United States,"17,
18"
"Hatton, Tyrrell",England,18
"Henley, Russell",United States,"16,
18"
"Higa, Kazuki",Japan,Special
"Hoge, Tom",United States,"17,
18"
"Homa, Max",United States,"16,
17,
18"
"Horschel, Billy",United States,"16,
17,
18"
"Hovland, Viktor",Norway,"14,
17,
18"
"Hughes, Mackenzie",Canada,"16,
18"
"Im, Sungjae",Korea,"12,
17,
18"
"Johnson, Dustin",United States,"1,
12,
18"
"Johnson, Zach",United States,1
"Kim, Si Woo",Korea,16
"Kim, Tom",Korea,"16,
18"
"Kirk, Chris",United States,16
"Kisner, Kevin",United States,18
"Kitayama, Kurt",United States,"16,
18"
"Koepka, Brooks",United States,"2,
4"
"Kokrak, Jason",United States,18
"Langer, Bernhard",Germany,1
"Lee, Kyoung-Hoon",Korea,"16,
17,
18"
"Lowry, Shane",Ireland,"3,
12,
18"
"Lyle, Sandy",Scotland,1
"Matsuyama, Hideki",Japan,"1,
13,
17,
18"
"McIlroy, Rory",Northern Ireland,"12,
14,
16,
17,
18"
"Meronk, Adrian",Poland,18
"Mickelson, Phil",United States,"1,
4"
"Mize, Larry",United States,1
"Molinari, Francesco",Italy,3
"Moore, Taylor",United States,16
"Morikawa, Collin",United States,"3,
4,
12,
17,
18"
"Na, Kevin",United States,18
"Niemann, Joaquin",Chile,"17,
18"
"Noren, Alex",Sweden,18
"Olazabal, Jose Maria",Spain,1
"Oosthuizen, Louis",S. Africa,18
"Pereira, Mito",Chile,"15,
18"
"Pieters, Thomas",Belgium,18
"Poston, J.T.",United States,"16,
17"
"Power, Seamus",Ireland,"16,
18"
"Rahm, Jon",Spain,"2,
16,
17,
18"
"Reed, Patrick",United States,1
"Rose, Justin",England,16
"Schauffele, Xander",United States,"16,
17,
18"
"Scheffler, Scottie",United States,"1,
13,
16,
17,
18"
"Schwartzel, Charl",S. Africa,"1,
12"
"Scott, Adam",Australia,"1,
17,
18"
"Singh, Vijay",Fiji,1
"Smith, Cameron",Australia,"3,
5,
12,
17,
18"
"Spieth, Jordan",United States,"1,
16,
17,
18"
"Stallings, Scott",United States,17
"Straka, Sepp",Austria,"17,
18"
"Svensson, Adam",Canada,16
"Theegala, Sahith",United States,"17,
18"
"Thomas, Justin",United States,"4,
5,
12,
17,
18"
"Varner III, Harold",United States,18
"Watson, Bubba",United States,1
"Weir, Mike",Canada,1
"Willett, Danny",England,"1,
12"
"Wise, Aaron",United States,18
"Woodland, Gary",United States,2
"Woods, Tiger",United States,1
"Young, Cameron",United States,"14,
15,
17,
18"
"Zalatoris, Will",United States,"12,
13,
15,
16,
17,
18"